{
  "Omega": 0.05, 
  "alpha": 0.2, 
  "bt": 1.0, 
  "gamma": 3.468453337726994, 
  "kbb": 2.5, 
  "mu": 137.66740163789572, 
  "n": 5, 
  "r": 0.024591651277366615, 
  "tf": 2.0, 
  "to": 0.0, 
  "yo": 0.020764858525045966, 
  "yt": 0.8653136074543
}