{
  "Omega": 0.05, 
  "alpha": 0.2, 
  "bt": 1.0, 
  "dt": 0.015151515151515152, 
  "gamma": 5.335896385452635, 
  "kbb": 0.1, 
  "mu": 257.8080565160982, 
  "n": 5, 
  "r": 0.013892793257279035, 
  "tf": 2.0, 
  "to": 0.0, 
  "yo": 0.011856897606213708, 
  "yt": 0.8653136074543
}